testCaseId,moduleNo,module
EQEV-50502_engine_01,1,AdminUI
EQEV-50502_engine_01,2,BusyHour
EQEV-50502_engine_01,4,alarm
EQEV-50502_engine_01,5,alarmcfg
EQEV-50502_engine_01,7,common
EQEV-50502_engine_01,8,diskmanager
EQEV-50502_engine_01,9,dwhmanager
EQEV-50502_engine_01,10,ebsmanager
EQEV-50502_engine_01,13,export
EQEV-50502_engine_01,14,helpset_stats
EQEV-50502_engine_01,15,licensing
EQEV-50502_engine_01,17,monitoring
EQEV-50502_engine_01,18,repository
EQEV-50502_engine_01,19,scheduler
EQEV-50502_engine_01,20,statlibs
EQEV-50502_engine_01,21,symboliclinkcreator
EQEV-50502_engine_01,22,uncompress
EQEV-50502_engine_01,23,libs
